log_date,device_id,location,component_type,avg_temperature,avg_voltage,avg_signal_coherence,total_errors
2026-01-01,DEV_001,West-Region,Power_Module,54.78,11.98,0.935,1
2026-01-01,DEV_002,East-Region,Power_Module,55.11,12.05,0.934,0
2026-01-01,DEV_003,Central-Region,Microcontroller,34.99,4.99,0.932,0
2026-01-01,DEV_004,East-Region,Microcontroller,34.72,4.96,0.929,0
2026-01-01,DEV_005,East-Region,Power_Module,54.83,11.91,0.930,0
2026-01-01,DEV_006,West-Region,Microcontroller,35.23,5.00,0.924,0
2026-01-01,DEV_007,East-Region,Microcontroller,35.29,4.95,0.921,0
2026-01-01,DEV_008,West-Region,Power_Module,54.95,11.87,0.932,0
2026-01-01,DEV_009,South-Region,Microcontroller,35.10,4.96,0.932,1
2026-01-01,DEV_010,Central-Region,Transceiver,40.23,3.30,0.828,0
2026-01-01,DEV_011,South-Region,Transceiver,39.72,3.31,0.825,0
2026-01-01,DEV_012,West-Region,Microcontroller,35.72,4.98,0.925,0
2026-01-01,DEV_013,East-Region,Transceiver,39.97,3.28,0.829,0
2026-01-01,DEV_014,South-Region,Microcontroller,34.99,4.99,0.929,0
2026-01-01,DEV_015,East-Region,Microcontroller,35.34,5.02,0.929,1
2026-01-01,DEV_016,West-Region,Transceiver,40.22,3.30,0.828,0
2026-01-01,DEV_017,East-Region,Power_Module,55.04,12.03,0.934,0
2026-01-01,DEV_018,Central-Region,Transceiver,39.83,3.30,0.835,0
2026-01-01,DEV_019,South-Region,Power_Module,55.22,12.01,0.933,0
2026-01-01,DEV_020,West-Region,Transceiver,39.98,3.26,0.832,1
2026-01-01,DEV_021,South-Region,Microcontroller,34.96,4.97,0.931,0
2026-01-01,DEV_022,West-Region,Microcontroller,34.72,5.04,0.931,0
2026-01-01,DEV_023,West-Region,Microcontroller,35.46,5.05,0.927,0
2026-01-01,DEV_024,Central-Region,Power_Module,55.12,12.01,0.926,0
2026-01-01,DEV_025,East-Region,Power_Module,55.26,12.04,0.928,0
2026-01-01,DEV_026,West-Region,Microcontroller,34.94,4.97,0.934,0
2026-01-01,DEV_027,West-Region,Microcontroller,34.89,4.95,0.932,0
2026-01-01,DEV_028,South-Region,Transceiver,39.83,3.32,0.834,0
2026-01-01,DEV_029,South-Region,Power_Module,55.16,12.21,0.923,0
2026-01-01,DEV_030,South-Region,Microcontroller,34.97,4.95,0.926,0
2026-01-01,DEV_031,West-Region,Transceiver,40.10,3.28,0.828,0
2026-01-01,DEV_032,West-Region,Microcontroller,35.24,5.01,0.931,0
2026-01-01,DEV_033,Central-Region,Microcontroller,34.72,5.03,0.924,0
2026-01-01,DEV_034,South-Region,Transceiver,39.78,3.27,0.827,0
2026-01-01,DEV_035,South-Region,Power_Module,54.63,12.06,0.937,0
2026-01-01,DEV_036,Central-Region,Microcontroller,34.99,5.03,0.935,0
2026-01-01,DEV_037,Central-Region,Microcontroller,34.73,5.02,0.935,0
2026-01-01,DEV_038,North-Region,Power_Module,54.70,11.89,0.932,0
2026-01-01,DEV_039,West-Region,Microcontroller,35.06,4.98,0.931,0
2026-01-01,DEV_040,East-Region,Microcontroller,34.52,5.02,0.934,0
2026-01-01,DEV_041,East-Region,Power_Module,55.05,11.95,0.929,0
2026-01-01,DEV_042,East-Region,Microcontroller,35.15,4.99,0.930,0
2026-01-01,DEV_043,North-Region,Power_Module,55.15,12.01,0.927,0
2026-01-01,DEV_044,North-Region,Transceiver,40.11,3.32,0.827,0
2026-01-01,DEV_045,South-Region,Microcontroller,35.23,5.01,0.927,0
2026-01-01,DEV_046,Central-Region,Power_Module,54.70,12.02,0.932,1
2026-01-01,DEV_047,East-Region,Transceiver,40.07,3.31,0.831,0
2026-01-01,DEV_048,East-Region,Microcontroller,35.09,4.96,0.925,0
2026-01-01,DEV_049,East-Region,Power_Module,54.72,11.83,0.932,0
2026-01-01,DEV_050,East-Region,Transceiver,39.81,3.31,0.831,0
2026-01-02,DEV_001,West-Region,Power_Module,55.35,12.13,0.924,0
2026-01-02,DEV_002,East-Region,Power_Module,54.99,12.17,0.931,0
2026-01-02,DEV_003,Central-Region,Microcontroller,35.16,4.94,0.925,0
2026-01-02,DEV_004,East-Region,Microcontroller,35.07,4.98,0.929,0
2026-01-02,DEV_005,East-Region,Power_Module,55.15,12.04,0.927,0
2026-01-02,DEV_006,West-Region,Microcontroller,34.45,5.00,0.932,0
2026-01-02,DEV_007,East-Region,Microcontroller,34.56,5.02,0.931,0
2026-01-02,DEV_008,West-Region,Power_Module,54.79,12.06,0.931,0
2026-01-02,DEV_009,South-Region,Microcontroller,34.75,4.99,0.932,0
2026-01-02,DEV_010,Central-Region,Transceiver,39.83,3.29,0.832,0
2026-01-02,DEV_011,South-Region,Transceiver,40.00,3.30,0.831,0
2026-01-02,DEV_012,West-Region,Microcontroller,34.65,5.02,0.932,0
2026-01-02,DEV_013,East-Region,Transceiver,39.96,3.27,0.836,0
2026-01-02,DEV_014,South-Region,Microcontroller,34.73,5.01,0.932,0
2026-01-02,DEV_015,East-Region,Microcontroller,35.75,4.98,0.924,0
2026-01-02,DEV_016,West-Region,Transceiver,40.02,3.31,0.836,0
2026-01-02,DEV_017,East-Region,Power_Module,55.01,12.03,0.931,0
2026-01-02,DEV_018,Central-Region,Transceiver,40.20,3.30,0.832,0
2026-01-02,DEV_019,South-Region,Power_Module,55.23,12.11,0.930,0
2026-01-02,DEV_020,West-Region,Transceiver,40.32,3.26,0.834,0
2026-01-02,DEV_021,South-Region,Microcontroller,34.99,5.00,0.930,0
2026-01-02,DEV_022,West-Region,Microcontroller,34.74,5.02,0.932,0
2026-01-02,DEV_023,West-Region,Microcontroller,34.86,5.00,0.933,0
2026-01-02,DEV_024,Central-Region,Power_Module,55.25,12.03,0.928,0
2026-01-02,DEV_025,East-Region,Power_Module,54.96,11.95,0.933,0
2026-01-02,DEV_026,West-Region,Microcontroller,34.78,4.99,0.930,0
2026-01-02,DEV_027,West-Region,Microcontroller,35.41,5.02,0.928,0
2026-01-02,DEV_028,South-Region,Transceiver,40.14,3.26,0.831,0
2026-01-02,DEV_029,South-Region,Power_Module,54.63,12.02,0.930,0
2026-01-02,DEV_030,South-Region,Microcontroller,34.91,5.12,0.932,0
2026-01-02,DEV_031,West-Region,Transceiver,39.96,3.30,0.832,0
2026-01-02,DEV_032,West-Region,Microcontroller,34.63,5.01,0.933,0
2026-01-02,DEV_033,Central-Region,Microcontroller,34.86,4.99,0.926,0
2026-01-02,DEV_034,South-Region,Transceiver,39.93,3.29,0.834,0
2026-01-02,DEV_035,South-Region,Power_Module,54.84,11.97,0.931,0
2026-01-02,DEV_036,Central-Region,Microcontroller,35.30,4.95,0.931,0
2026-01-02,DEV_037,Central-Region,Microcontroller,35.05,4.96,0.924,0
2026-01-02,DEV_038,North-Region,Power_Module,55.33,11.94,0.927,0
2026-01-02,DEV_039,West-Region,Microcontroller,35.19,5.01,0.926,0
2026-01-02,DEV_040,East-Region,Microcontroller,35.19,5.02,0.932,0
2026-01-02,DEV_041,East-Region,Power_Module,55.17,12.01,0.931,0
2026-01-02,DEV_042,East-Region,Microcontroller,34.62,5.02,0.929,0
2026-01-02,DEV_043,North-Region,Power_Module,54.68,11.98,0.934,0
2026-01-02,DEV_044,North-Region,Transceiver,39.74,3.28,0.834,0
2026-01-02,DEV_045,South-Region,Microcontroller,34.70,5.00,0.929,0
2026-01-02,DEV_046,Central-Region,Power_Module,54.71,11.94,0.938,0
2026-01-02,DEV_047,East-Region,Transceiver,40.54,3.32,0.827,0
2026-01-02,DEV_048,East-Region,Microcontroller,34.99,5.03,0.928,1
2026-01-02,DEV_049,East-Region,Power_Module,54.75,12.02,0.932,0
2026-01-02,DEV_050,East-Region,Transceiver,40.33,3.33,0.826,0
2026-01-03,DEV_001,West-Region,Power_Module,55.47,12.03,0.926,0
2026-01-03,DEV_002,East-Region,Power_Module,55.29,12.05,0.931,0
2026-01-03,DEV_003,Central-Region,Microcontroller,35.29,5.06,0.926,0
2026-01-03,DEV_004,East-Region,Microcontroller,35.17,4.96,0.933,0
2026-01-03,DEV_005,East-Region,Power_Module,54.73,12.10,0.929,0
2026-01-03,DEV_006,West-Region,Microcontroller,35.31,4.95,0.927,0
2026-01-03,DEV_007,East-Region,Microcontroller,34.95,5.02,0.934,0
2026-01-03,DEV_008,West-Region,Power_Module,55.24,12.17,0.925,0
2026-01-03,DEV_009,South-Region,Microcontroller,35.19,4.98,0.925,0
2026-01-03,DEV_010,Central-Region,Transceiver,40.03,3.27,0.825,0
2026-01-03,DEV_011,South-Region,Transceiver,40.20,3.32,0.830,0
2026-01-03,DEV_012,West-Region,Microcontroller,34.93,4.96,0.933,0
2026-01-03,DEV_013,East-Region,Transceiver,40.40,3.29,0.832,0
2026-01-03,DEV_014,South-Region,Microcontroller,35.06,5.05,0.926,1
2026-01-03,DEV_015,East-Region,Microcontroller,34.99,4.98,0.930,0
2026-01-03,DEV_016,West-Region,Transceiver,39.99,3.28,0.831,0
2026-01-03,DEV_017,East-Region,Power_Module,55.09,12.11,0.930,0
2026-01-03,DEV_018,Central-Region,Transceiver,39.80,3.28,0.827,0
2026-01-03,DEV_019,South-Region,Power_Module,54.73,12.11,0.931,0
2026-01-03,DEV_020,West-Region,Transceiver,39.88,3.33,0.826,0
2026-01-03,DEV_021,South-Region,Microcontroller,35.12,4.99,0.931,0
2026-01-03,DEV_022,West-Region,Microcontroller,34.54,4.96,0.935,0
2026-01-03,DEV_023,West-Region,Microcontroller,35.26,5.00,0.927,0
2026-01-03,DEV_024,Central-Region,Power_Module,54.89,11.87,0.932,0
2026-01-03,DEV_025,East-Region,Power_Module,55.18,11.99,0.930,0
2026-01-03,DEV_026,West-Region,Microcontroller,34.92,4.99,0.935,0
2026-01-03,DEV_027,West-Region,Microcontroller,35.09,5.00,0.928,0
2026-01-03,DEV_028,South-Region,Transceiver,40.22,3.31,0.835,0
2026-01-03,DEV_029,South-Region,Power_Module,55.34,11.86,0.928,0
2026-01-03,DEV_030,South-Region,Microcontroller,35.09,5.00,0.928,0
2026-01-03,DEV_031,West-Region,Transceiver,39.98,3.27,0.828,0
2026-01-03,DEV_032,West-Region,Microcontroller,35.03,5.01,0.927,1
2026-01-03,DEV_033,Central-Region,Microcontroller,34.92,4.97,0.927,0
2026-01-03,DEV_034,South-Region,Transceiver,39.99,3.32,0.833,0
2026-01-03,DEV_035,South-Region,Power_Module,54.97,11.99,0.930,0
2026-01-03,DEV_036,Central-Region,Microcontroller,35.40,5.01,0.924,0
2026-01-03,DEV_037,Central-Region,Microcontroller,35.19,5.00,0.929,0
2026-01-03,DEV_038,North-Region,Power_Module,55.28,12.02,0.926,0
2026-01-03,DEV_039,West-Region,Microcontroller,35.13,4.98,0.932,0
2026-01-03,DEV_040,East-Region,Microcontroller,34.55,5.04,0.930,0
2026-01-03,DEV_041,East-Region,Power_Module,54.87,11.96,0.927,0
2026-01-03,DEV_042,East-Region,Microcontroller,35.08,4.95,0.929,0
2026-01-03,DEV_043,North-Region,Power_Module,55.28,12.16,0.932,0
2026-01-03,DEV_044,North-Region,Transceiver,40.12,3.29,0.827,0
2026-01-03,DEV_045,South-Region,Microcontroller,35.02,5.05,0.931,0
2026-01-03,DEV_046,Central-Region,Power_Module,55.05,12.03,0.928,0
2026-01-03,DEV_047,East-Region,Transceiver,39.45,3.30,0.835,0
2026-01-03,DEV_048,East-Region,Microcontroller,34.92,5.02,0.930,0
2026-01-03,DEV_049,East-Region,Power_Module,54.91,11.87,0.931,0
2026-01-03,DEV_050,East-Region,Transceiver,40.15,3.31,0.829,0
2026-01-04,DEV_001,West-Region,Power_Module,55.19,11.86,0.924,0
2026-01-04,DEV_002,East-Region,Power_Module,54.91,12.22,0.930,0
2026-01-04,DEV_003,Central-Region,Microcontroller,35.44,4.96,0.928,0
2026-01-04,DEV_004,East-Region,Microcontroller,35.19,4.97,0.933,0
2026-01-04,DEV_005,East-Region,Power_Module,54.59,11.90,0.931,0
2026-01-04,DEV_006,West-Region,Microcontroller,35.28,4.99,0.927,0
2026-01-04,DEV_007,East-Region,Microcontroller,34.57,5.04,0.936,0
2026-01-04,DEV_008,West-Region,Power_Module,54.83,12.17,0.929,0
2026-01-04,DEV_009,South-Region,Microcontroller,35.07,5.01,0.930,0
2026-01-04,DEV_010,Central-Region,Transceiver,40.32,3.31,0.826,0
2026-01-04,DEV_011,South-Region,Transceiver,40.17,3.31,0.828,0
2026-01-04,DEV_012,West-Region,Microcontroller,35.15,4.98,0.930,0
2026-01-04,DEV_013,East-Region,Transceiver,40.09,3.31,0.832,0
2026-01-04,DEV_014,South-Region,Microcontroller,34.78,5.00,0.927,0
2026-01-04,DEV_015,East-Region,Microcontroller,34.81,4.93,0.935,1
2026-01-04,DEV_016,West-Region,Transceiver,39.79,3.32,0.831,0
2026-01-04,DEV_017,East-Region,Power_Module,55.30,12.02,0.928,0
2026-01-04,DEV_018,Central-Region,Transceiver,40.08,3.30,0.827,0
2026-01-04,DEV_019,South-Region,Power_Module,54.82,12.00,0.931,0
2026-01-04,DEV_020,West-Region,Transceiver,40.43,3.29,0.826,0
2026-01-04,DEV_021,South-Region,Microcontroller,35.18,4.97,0.928,0
2026-01-04,DEV_022,West-Region,Microcontroller,35.14,4.94,0.926,0
2026-01-04,DEV_023,West-Region,Microcontroller,35.18,5.02,0.927,0
2026-01-04,DEV_024,Central-Region,Power_Module,54.88,11.96,0.929,0
2026-01-04,DEV_025,East-Region,Power_Module,55.61,11.86,0.927,0
2026-01-04,DEV_026,West-Region,Microcontroller,35.63,5.00,0.931,0
2026-01-04,DEV_027,West-Region,Microcontroller,35.26,5.00,0.930,0
2026-01-04,DEV_028,South-Region,Transceiver,40.06,3.23,0.824,0
2026-01-04,DEV_029,South-Region,Power_Module,54.88,12.04,0.934,0
2026-01-04,DEV_030,South-Region,Microcontroller,34.95,4.98,0.933,0
2026-01-04,DEV_031,West-Region,Transceiver,40.25,3.30,0.829,1
2026-01-04,DEV_032,West-Region,Microcontroller,35.03,4.97,0.927,0
2026-01-04,DEV_033,Central-Region,Microcontroller,34.95,4.96,0.932,0
2026-01-04,DEV_034,South-Region,Transceiver,40.38,3.31,0.832,0
2026-01-04,DEV_035,South-Region,Power_Module,55.53,11.96,0.923,0
2026-01-04,DEV_036,Central-Region,Microcontroller,34.85,5.04,0.932,0
2026-01-04,DEV_037,Central-Region,Microcontroller,35.20,4.97,0.931,0
2026-01-04,DEV_038,North-Region,Power_Module,55.22,12.03,0.927,1
2026-01-04,DEV_039,West-Region,Microcontroller,35.09,4.95,0.932,0
2026-01-04,DEV_040,East-Region,Microcontroller,35.19,4.98,0.925,0
2026-01-04,DEV_041,East-Region,Power_Module,55.22,11.99,0.921,0
2026-01-04,DEV_042,East-Region,Microcontroller,35.05,4.98,0.932,0
2026-01-04,DEV_043,North-Region,Power_Module,54.81,12.07,0.929,0
2026-01-04,DEV_044,North-Region,Transceiver,40.22,3.31,0.833,0
2026-01-04,DEV_045,South-Region,Microcontroller,34.96,4.99,0.932,1
2026-01-04,DEV_046,Central-Region,Power_Module,54.89,12.02,0.930,0
2026-01-04,DEV_047,East-Region,Transceiver,40.31,3.31,0.823,0
2026-01-04,DEV_048,East-Region,Microcontroller,35.02,4.98,0.930,1
2026-01-04,DEV_049,East-Region,Power_Module,55.32,11.98,0.922,0
2026-01-04,DEV_050,East-Region,Transceiver,39.91,3.32,0.834,0
2026-01-05,DEV_001,West-Region,Power_Module,55.26,11.96,0.929,0
2026-01-05,DEV_002,East-Region,Power_Module,55.14,11.94,0.931,0
2026-01-05,DEV_003,Central-Region,Microcontroller,35.12,4.96,0.928,0
2026-01-05,DEV_004,East-Region,Microcontroller,35.58,5.03,0.928,0
2026-01-05,DEV_005,East-Region,Power_Module,55.27,12.01,0.932,0
2026-01-05,DEV_006,West-Region,Microcontroller,35.15,4.99,0.929,0
2026-01-05,DEV_007,East-Region,Microcontroller,35.18,5.07,0.927,0
2026-01-05,DEV_008,West-Region,Power_Module,55.26,11.96,0.926,0
2026-01-05,DEV_009,South-Region,Microcontroller,35.20,4.97,0.928,0
2026-01-05,DEV_010,Central-Region,Transceiver,40.15,3.30,0.834,0
2026-01-05,DEV_011,South-Region,Transceiver,39.73,3.28,0.828,0
2026-01-05,DEV_012,West-Region,Microcontroller,34.87,5.02,0.926,1
2026-01-05,DEV_013,East-Region,Transceiver,39.94,3.32,0.831,0
2026-01-05,DEV_014,South-Region,Microcontroller,34.73,5.00,0.927,0
2026-01-05,DEV_015,East-Region,Microcontroller,35.39,4.94,0.927,1
2026-01-05,DEV_016,West-Region,Transceiver,39.76,3.30,0.825,0
2026-01-05,DEV_017,East-Region,Power_Module,54.84,11.94,0.931,0
2026-01-05,DEV_018,Central-Region,Transceiver,40.09,3.30,0.827,0
2026-01-05,DEV_019,South-Region,Power_Module,55.15,12.04,0.930,0
2026-01-05,DEV_020,West-Region,Transceiver,40.04,3.30,0.830,0
2026-01-05,DEV_021,South-Region,Microcontroller,34.87,5.00,0.931,0
2026-01-05,DEV_022,West-Region,Microcontroller,34.90,5.05,0.932,0
2026-01-05,DEV_023,West-Region,Microcontroller,34.78,4.99,0.933,0
2026-01-05,DEV_024,Central-Region,Power_Module,54.99,11.98,0.929,0
2026-01-05,DEV_025,East-Region,Power_Module,55.21,12.02,0.929,0
2026-01-05,DEV_026,West-Region,Microcontroller,34.99,4.93,0.931,1
2026-01-05,DEV_027,West-Region,Microcontroller,35.00,5.00,0.935,0
2026-01-05,DEV_028,South-Region,Transceiver,40.38,3.30,0.825,0
2026-01-05,DEV_029,South-Region,Power_Module,55.15,11.92,0.932,0
2026-01-05,DEV_030,South-Region,Microcontroller,35.08,4.96,0.934,0
2026-01-05,DEV_031,West-Region,Transceiver,40.12,3.32,0.828,0
2026-01-05,DEV_032,West-Region,Microcontroller,35.03,4.94,0.926,0
2026-01-05,DEV_033,Central-Region,Microcontroller,35.71,5.02,0.926,0
2026-01-05,DEV_034,South-Region,Transceiver,39.99,3.30,0.837,0
2026-01-05,DEV_035,South-Region,Power_Module,54.70,12.12,0.929,0
2026-01-05,DEV_036,Central-Region,Microcontroller,35.30,5.00,0.930,0
2026-01-05,DEV_037,Central-Region,Microcontroller,34.96,5.00,0.932,0
2026-01-05,DEV_038,North-Region,Power_Module,54.68,11.88,0.933,0
2026-01-05,DEV_039,West-Region,Microcontroller,35.22,5.03,0.930,0
2026-01-05,DEV_040,East-Region,Microcontroller,34.73,5.01,0.930,0
2026-01-05,DEV_041,East-Region,Power_Module,55.01,11.87,0.926,0
2026-01-05,DEV_042,East-Region,Microcontroller,35.27,5.00,0.930,0
2026-01-05,DEV_043,North-Region,Power_Module,55.21,11.87,0.926,0
2026-01-05,DEV_044,North-Region,Transceiver,40.13,3.28,0.829,0
2026-01-05,DEV_045,South-Region,Microcontroller,35.18,4.99,0.930,0
2026-01-05,DEV_046,Central-Region,Power_Module,55.53,11.93,0.928,0
2026-01-05,DEV_047,East-Region,Transceiver,39.92,3.32,0.824,0
2026-01-05,DEV_048,East-Region,Microcontroller,34.96,4.98,0.934,0
2026-01-05,DEV_049,East-Region,Power_Module,55.02,12.06,0.933,0
2026-01-05,DEV_050,East-Region,Transceiver,40.18,3.31,0.833,0
2026-01-06,DEV_001,West-Region,Power_Module,55.31,12.01,0.923,0
2026-01-06,DEV_002,East-Region,Power_Module,54.95,12.09,0.924,0
2026-01-06,DEV_003,Central-Region,Microcontroller,35.37,4.95,0.930,0
2026-01-06,DEV_004,East-Region,Microcontroller,34.95,4.99,0.927,0
2026-01-06,DEV_005,East-Region,Power_Module,55.02,12.10,0.930,0
2026-01-06,DEV_006,West-Region,Microcontroller,35.12,5.07,0.933,0
2026-01-06,DEV_007,East-Region,Microcontroller,35.05,5.02,0.929,0
2026-01-06,DEV_008,West-Region,Power_Module,54.93,11.93,0.931,0
2026-01-06,DEV_009,South-Region,Microcontroller,34.94,5.03,0.932,0
2026-01-06,DEV_010,Central-Region,Transceiver,39.83,3.32,0.825,0
2026-01-06,DEV_011,South-Region,Transceiver,40.21,3.31,0.828,0
2026-01-06,DEV_012,West-Region,Microcontroller,34.94,5.00,0.929,0
2026-01-06,DEV_013,East-Region,Transceiver,40.15,3.29,0.829,0
2026-01-06,DEV_014,South-Region,Microcontroller,35.22,4.99,0.931,0
2026-01-06,DEV_015,East-Region,Microcontroller,34.92,4.91,0.927,1
2026-01-06,DEV_016,West-Region,Transceiver,40.09,3.26,0.824,0
2026-01-06,DEV_017,East-Region,Power_Module,55.30,12.01,0.923,0
2026-01-06,DEV_018,Central-Region,Transceiver,40.12,3.30,0.829,0
2026-01-06,DEV_019,South-Region,Power_Module,55.22,11.96,0.927,0
2026-01-06,DEV_020,West-Region,Transceiver,40.55,3.29,0.827,0
2026-01-06,DEV_021,South-Region,Microcontroller,35.01,5.01,0.931,0
2026-01-06,DEV_022,West-Region,Microcontroller,35.24,5.01,0.931,0
2026-01-06,DEV_023,West-Region,Microcontroller,35.15,4.94,0.930,0
2026-01-06,DEV_024,Central-Region,Power_Module,54.99,11.86,0.928,0
2026-01-06,DEV_025,East-Region,Power_Module,55.08,11.99,0.931,0
2026-01-06,DEV_026,West-Region,Microcontroller,35.34,5.01,0.926,0
2026-01-06,DEV_027,West-Region,Microcontroller,34.99,5.08,0.926,0
2026-01-06,DEV_028,South-Region,Transceiver,40.17,3.30,0.835,0
2026-01-06,DEV_029,South-Region,Power_Module,54.99,12.01,0.933,0
2026-01-06,DEV_030,South-Region,Microcontroller,35.51,4.98,0.931,0
2026-01-06,DEV_031,West-Region,Transceiver,40.03,3.34,0.833,0
2026-01-06,DEV_032,West-Region,Microcontroller,35.15,4.99,0.928,0
2026-01-06,DEV_033,Central-Region,Microcontroller,35.02,4.95,0.928,0
2026-01-06,DEV_034,South-Region,Transceiver,39.94,3.32,0.830,0
2026-01-06,DEV_035,South-Region,Power_Module,55.38,12.10,0.934,0
2026-01-06,DEV_036,Central-Region,Microcontroller,35.10,5.00,0.929,1
2026-01-06,DEV_037,Central-Region,Microcontroller,35.32,4.97,0.928,0
2026-01-06,DEV_038,North-Region,Power_Module,55.11,12.08,0.927,0
2026-01-06,DEV_039,West-Region,Microcontroller,34.91,4.98,0.931,1
2026-01-06,DEV_040,East-Region,Microcontroller,35.36,5.00,0.927,0
2026-01-06,DEV_041,East-Region,Power_Module,54.87,12.06,0.934,0
2026-01-06,DEV_042,East-Region,Microcontroller,35.27,5.03,0.933,0
2026-01-06,DEV_043,North-Region,Power_Module,55.13,12.10,0.933,0
2026-01-06,DEV_044,North-Region,Transceiver,40.36,3.27,0.830,0
2026-01-06,DEV_045,South-Region,Microcontroller,35.19,4.96,0.929,0
2026-01-06,DEV_046,Central-Region,Power_Module,55.15,12.13,0.923,0
2026-01-06,DEV_047,East-Region,Transceiver,39.87,3.31,0.830,0
2026-01-06,DEV_048,East-Region,Microcontroller,35.13,4.99,0.930,0
2026-01-06,DEV_049,East-Region,Power_Module,55.28,12.01,0.929,0
2026-01-06,DEV_050,East-Region,Transceiver,40.39,3.28,0.825,0
2026-01-07,DEV_001,West-Region,Power_Module,55.34,11.95,0.926,0
2026-01-07,DEV_002,East-Region,Power_Module,55.11,12.08,0.923,0
2026-01-07,DEV_003,Central-Region,Microcontroller,35.06,5.04,0.929,0
2026-01-07,DEV_004,East-Region,Microcontroller,35.07,4.97,0.932,0
2026-01-07,DEV_005,East-Region,Power_Module,55.23,11.95,0.931,0
2026-01-07,DEV_006,West-Region,Microcontroller,35.22,5.00,0.927,0
2026-01-07,DEV_007,East-Region,Microcontroller,35.67,5.01,0.926,0
2026-01-07,DEV_008,West-Region,Power_Module,55.37,11.95,0.931,0
2026-01-07,DEV_009,South-Region,Microcontroller,35.04,4.98,0.924,0
2026-01-07,DEV_010,Central-Region,Transceiver,39.71,3.31,0.833,0
2026-01-07,DEV_011,South-Region,Transceiver,39.83,3.32,0.833,0
2026-01-07,DEV_012,West-Region,Microcontroller,35.12,4.99,0.932,0
2026-01-07,DEV_013,East-Region,Transceiver,39.74,3.32,0.832,0
2026-01-07,DEV_014,South-Region,Microcontroller,35.00,5.01,0.933,0
2026-01-07,DEV_015,East-Region,Microcontroller,34.92,5.02,0.932,0
2026-01-07,DEV_016,West-Region,Transceiver,40.22,3.30,0.831,0
2026-01-07,DEV_017,East-Region,Power_Module,55.04,11.92,0.933,0
2026-01-07,DEV_018,Central-Region,Transceiver,40.38,3.29,0.828,0
2026-01-07,DEV_019,South-Region,Power_Module,55.02,12.08,0.927,0
2026-01-07,DEV_020,West-Region,Transceiver,40.12,3.32,0.828,0
2026-01-07,DEV_021,South-Region,Microcontroller,35.39,4.99,0.928,0
2026-01-07,DEV_022,West-Region,Microcontroller,35.20,4.87,0.924,0
2026-01-07,DEV_023,West-Region,Microcontroller,35.05,5.02,0.924,0
2026-01-07,DEV_024,Central-Region,Power_Module,54.91,12.07,0.932,0
2026-01-07,DEV_025,East-Region,Power_Module,55.33,12.08,0.928,0
2026-01-07,DEV_026,West-Region,Microcontroller,35.06,5.04,0.931,0
2026-01-07,DEV_027,West-Region,Microcontroller,35.24,4.90,0.924,0
2026-01-07,DEV_028,South-Region,Transceiver,40.14,3.31,0.832,0
2026-01-07,DEV_029,South-Region,Power_Module,55.12,11.96,0.919,1
2026-01-07,DEV_030,South-Region,Microcontroller,34.92,5.00,0.932,0
2026-01-07,DEV_031,West-Region,Transceiver,40.05,3.27,0.835,0
2026-01-07,DEV_032,West-Region,Microcontroller,35.09,5.03,0.927,0
2026-01-07,DEV_033,Central-Region,Microcontroller,34.95,4.93,0.932,0
2026-01-07,DEV_034,South-Region,Transceiver,39.96,3.28,0.833,0
2026-01-07,DEV_035,South-Region,Power_Module,55.05,12.01,0.928,0
2026-01-07,DEV_036,Central-Region,Microcontroller,35.21,4.99,0.932,0
2026-01-07,DEV_037,Central-Region,Microcontroller,35.15,4.97,0.933,0
2026-01-07,DEV_038,North-Region,Power_Module,54.79,12.05,0.931,0
2026-01-07,DEV_039,West-Region,Microcontroller,35.21,5.00,0.927,0
2026-01-07,DEV_040,East-Region,Microcontroller,35.05,4.99,0.926,0
2026-01-07,DEV_041,East-Region,Power_Module,55.01,12.12,0.929,0
2026-01-07,DEV_042,East-Region,Microcontroller,34.91,5.00,0.933,0
2026-01-07,DEV_043,North-Region,Power_Module,55.32,12.13,0.929,0
2026-01-07,DEV_044,North-Region,Transceiver,39.80,3.34,0.831,0
2026-01-07,DEV_045,South-Region,Microcontroller,34.75,5.01,0.933,1
2026-01-07,DEV_046,Central-Region,Power_Module,55.21,12.14,0.928,0
2026-01-07,DEV_047,East-Region,Transceiver,40.30,3.32,0.830,0
2026-01-07,DEV_048,East-Region,Microcontroller,35.35,5.04,0.927,0
2026-01-07,DEV_049,East-Region,Power_Module,55.10,11.92,0.926,0
2026-01-07,DEV_050,East-Region,Transceiver,40.57,3.31,0.826,0
2026-01-08,DEV_001,West-Region,Power_Module,55.10,12.06,0.929,0
2026-01-08,DEV_002,East-Region,Power_Module,55.14,11.88,0.925,0
2026-01-08,DEV_003,Central-Region,Microcontroller,35.39,4.96,0.933,0
2026-01-08,DEV_004,East-Region,Microcontroller,35.20,4.98,0.931,0
2026-01-08,DEV_005,East-Region,Power_Module,55.12,11.97,0.930,0
2026-01-08,DEV_006,West-Region,Microcontroller,35.31,5.01,0.931,0
2026-01-08,DEV_007,East-Region,Microcontroller,35.04,4.96,0.931,1
2026-01-08,DEV_008,West-Region,Power_Module,55.38,12.06,0.928,0
2026-01-08,DEV_009,South-Region,Microcontroller,34.91,4.96,0.930,0
2026-01-08,DEV_010,Central-Region,Transceiver,40.26,3.33,0.830,0
2026-01-08,DEV_011,South-Region,Transceiver,40.18,3.31,0.828,0
2026-01-08,DEV_012,West-Region,Microcontroller,34.78,4.99,0.934,0
2026-01-08,DEV_013,East-Region,Transceiver,40.46,3.27,0.832,0
2026-01-08,DEV_014,South-Region,Microcontroller,35.01,4.97,0.927,0
2026-01-08,DEV_015,East-Region,Microcontroller,34.76,4.94,0.929,1
2026-01-08,DEV_016,West-Region,Transceiver,40.19,3.28,0.829,0
2026-01-08,DEV_017,East-Region,Power_Module,55.25,11.99,0.929,0
2026-01-08,DEV_018,Central-Region,Transceiver,39.93,3.30,0.835,0
2026-01-08,DEV_019,South-Region,Power_Module,55.24,12.03,0.931,0
2026-01-08,DEV_020,West-Region,Transceiver,39.90,3.30,0.832,0
2026-01-08,DEV_021,South-Region,Microcontroller,35.13,5.04,0.922,0
2026-01-08,DEV_022,West-Region,Microcontroller,35.01,4.95,0.929,0
2026-01-08,DEV_023,West-Region,Microcontroller,35.28,4.94,0.928,0
2026-01-08,DEV_024,Central-Region,Power_Module,55.03,11.97,0.930,0
2026-01-08,DEV_025,East-Region,Power_Module,55.26,12.14,0.929,0
2026-01-08,DEV_026,West-Region,Microcontroller,34.57,5.01,0.935,0
2026-01-08,DEV_027,West-Region,Microcontroller,35.26,4.96,0.930,0
2026-01-08,DEV_028,South-Region,Transceiver,39.85,3.32,0.829,0
2026-01-08,DEV_029,South-Region,Power_Module,54.83,12.04,0.927,0
2026-01-08,DEV_030,South-Region,Microcontroller,35.35,4.97,0.928,0
2026-01-08,DEV_031,West-Region,Transceiver,39.80,3.27,0.830,0
2026-01-08,DEV_032,West-Region,Microcontroller,35.15,5.00,0.930,0
2026-01-08,DEV_033,Central-Region,Microcontroller,35.04,4.97,0.925,0
2026-01-08,DEV_034,South-Region,Transceiver,40.48,3.31,0.830,0
2026-01-08,DEV_035,South-Region,Power_Module,55.26,12.14,0.923,0
2026-01-08,DEV_036,Central-Region,Microcontroller,35.01,4.99,0.929,0
2026-01-08,DEV_037,Central-Region,Microcontroller,35.11,5.02,0.932,0
2026-01-08,DEV_038,North-Region,Power_Module,55.29,11.96,0.925,0
2026-01-08,DEV_039,West-Region,Microcontroller,35.00,4.99,0.933,0
2026-01-08,DEV_040,East-Region,Microcontroller,35.36,5.05,0.928,0
2026-01-08,DEV_041,East-Region,Power_Module,55.08,11.92,0.931,0
2026-01-08,DEV_042,East-Region,Microcontroller,35.01,4.97,0.927,0
2026-01-08,DEV_043,North-Region,Power_Module,55.12,11.94,0.934,0
2026-01-08,DEV_044,North-Region,Transceiver,39.87,3.26,0.836,0
2026-01-08,DEV_045,South-Region,Microcontroller,35.36,4.96,0.925,0
2026-01-08,DEV_046,Central-Region,Power_Module,55.44,11.99,0.926,0
2026-01-08,DEV_047,East-Region,Transceiver,39.74,3.34,0.827,0
2026-01-08,DEV_048,East-Region,Microcontroller,34.83,4.95,0.932,0
2026-01-08,DEV_049,East-Region,Power_Module,55.52,12.05,0.929,0
2026-01-08,DEV_050,East-Region,Transceiver,39.94,3.35,0.832,0
2026-01-09,DEV_001,West-Region,Power_Module,55.07,12.03,0.923,0
2026-01-09,DEV_002,East-Region,Power_Module,54.84,12.25,0.930,0
2026-01-09,DEV_003,Central-Region,Microcontroller,35.01,4.98,0.930,0
2026-01-09,DEV_004,East-Region,Microcontroller,35.34,4.95,0.929,0
2026-01-09,DEV_005,East-Region,Power_Module,55.03,11.95,0.931,0
2026-01-09,DEV_006,West-Region,Microcontroller,35.03,4.97,0.924,0
2026-01-09,DEV_007,East-Region,Microcontroller,34.92,5.00,0.930,0
2026-01-09,DEV_008,West-Region,Power_Module,55.57,12.12,0.929,0
2026-01-09,DEV_009,South-Region,Microcontroller,35.11,5.04,0.927,0
2026-01-09,DEV_010,Central-Region,Transceiver,40.54,3.31,0.831,0
2026-01-09,DEV_011,South-Region,Transceiver,39.94,3.30,0.827,0
2026-01-09,DEV_012,West-Region,Microcontroller,34.97,5.01,0.935,0
2026-01-09,DEV_013,East-Region,Transceiver,40.08,3.32,0.832,0
2026-01-09,DEV_014,South-Region,Microcontroller,35.20,4.97,0.926,0
2026-01-09,DEV_015,East-Region,Microcontroller,35.04,5.09,0.931,0
2026-01-09,DEV_016,West-Region,Transceiver,40.45,3.24,0.826,0
2026-01-09,DEV_017,East-Region,Power_Module,54.88,12.04,0.930,0
2026-01-09,DEV_018,Central-Region,Transceiver,39.91,3.31,0.832,0
2026-01-09,DEV_019,South-Region,Power_Module,55.24,12.03,0.931,0
2026-01-09,DEV_020,West-Region,Transceiver,40.03,3.30,0.831,0
2026-01-09,DEV_021,South-Region,Microcontroller,35.21,4.96,0.924,0
2026-01-09,DEV_022,West-Region,Microcontroller,35.08,5.02,0.934,0
2026-01-09,DEV_023,West-Region,Microcontroller,35.23,5.00,0.929,0
2026-01-09,DEV_024,Central-Region,Power_Module,55.25,11.95,0.931,0
2026-01-09,DEV_025,East-Region,Power_Module,55.18,12.16,0.933,0
2026-01-09,DEV_026,West-Region,Microcontroller,35.12,4.96,0.931,0
2026-01-09,DEV_027,West-Region,Microcontroller,35.26,5.02,0.925,0
2026-01-09,DEV_028,South-Region,Transceiver,40.01,3.26,0.835,0
2026-01-09,DEV_029,South-Region,Power_Module,55.12,12.10,0.927,0
2026-01-09,DEV_030,South-Region,Microcontroller,34.94,4.99,0.929,0
2026-01-09,DEV_031,West-Region,Transceiver,40.23,3.30,0.832,0
2026-01-09,DEV_032,West-Region,Microcontroller,34.96,4.95,0.931,0
2026-01-09,DEV_033,Central-Region,Microcontroller,35.19,5.00,0.934,0
2026-01-09,DEV_034,South-Region,Transceiver,40.01,3.29,0.830,0
2026-01-09,DEV_035,South-Region,Power_Module,55.38,12.02,0.924,0
2026-01-09,DEV_036,Central-Region,Microcontroller,35.03,5.02,0.929,0
2026-01-09,DEV_037,Central-Region,Microcontroller,35.12,5.02,0.927,0
2026-01-09,DEV_038,North-Region,Power_Module,55.17,12.03,0.930,0
2026-01-09,DEV_039,West-Region,Microcontroller,35.19,5.02,0.931,0
2026-01-09,DEV_040,East-Region,Microcontroller,35.33,5.05,0.931,0
2026-01-09,DEV_041,East-Region,Power_Module,55.07,11.93,0.931,0
2026-01-09,DEV_042,East-Region,Microcontroller,35.35,4.95,0.927,0
2026-01-09,DEV_043,North-Region,Power_Module,55.40,12.12,0.928,0
2026-01-09,DEV_044,North-Region,Transceiver,40.12,3.32,0.829,0
2026-01-09,DEV_045,South-Region,Microcontroller,35.21,4.91,0.931,0
2026-01-09,DEV_046,Central-Region,Power_Module,55.37,11.92,0.930,0
2026-01-09,DEV_047,East-Region,Transceiver,40.39,3.29,0.825,0
2026-01-09,DEV_048,East-Region,Microcontroller,35.42,5.02,0.930,0
2026-01-09,DEV_049,East-Region,Power_Module,55.37,11.92,0.930,0
2026-01-09,DEV_050,East-Region,Transceiver,40.55,3.26,0.821,0
2026-01-10,DEV_001,West-Region,Power_Module,55.05,12.02,0.930,0
2026-01-10,DEV_002,East-Region,Power_Module,55.19,11.81,0.935,0
2026-01-10,DEV_003,Central-Region,Microcontroller,35.18,5.01,0.929,0
2026-01-10,DEV_004,East-Region,Microcontroller,35.62,4.97,0.929,0
2026-01-10,DEV_005,East-Region,Power_Module,55.03,11.81,0.925,0
2026-01-10,DEV_006,West-Region,Microcontroller,35.48,5.01,0.926,0
2026-01-10,DEV_007,East-Region,Microcontroller,35.22,4.97,0.926,0
2026-01-10,DEV_008,West-Region,Power_Module,55.00,12.05,0.931,0
2026-01-10,DEV_009,South-Region,Microcontroller,34.98,4.92,0.932,0
2026-01-10,DEV_010,Central-Region,Transceiver,39.83,3.26,0.830,0
2026-01-10,DEV_011,South-Region,Transceiver,40.02,3.34,0.823,0
2026-01-10,DEV_012,West-Region,Microcontroller,34.72,4.93,0.930,0
2026-01-10,DEV_013,East-Region,Transceiver,40.31,3.28,0.828,1
2026-01-10,DEV_014,South-Region,Microcontroller,35.32,5.00,0.930,0
2026-01-10,DEV_015,East-Region,Microcontroller,35.00,5.05,0.930,0
2026-01-10,DEV_016,West-Region,Transceiver,40.08,3.32,0.829,0
2026-01-10,DEV_017,East-Region,Power_Module,55.07,11.94,0.924,1
2026-01-10,DEV_018,Central-Region,Transceiver,40.07,3.26,0.831,0
2026-01-10,DEV_019,South-Region,Power_Module,55.01,11.91,0.935,0
2026-01-10,DEV_020,West-Region,Transceiver,40.29,3.32,0.830,0
2026-01-10,DEV_021,South-Region,Microcontroller,34.85,5.01,0.933,0
2026-01-10,DEV_022,West-Region,Microcontroller,35.15,4.97,0.931,0
2026-01-10,DEV_023,West-Region,Microcontroller,35.18,5.06,0.931,0
2026-01-10,DEV_024,Central-Region,Power_Module,55.29,12.00,0.934,0
2026-01-10,DEV_025,East-Region,Power_Module,55.18,12.05,0.929,0
2026-01-10,DEV_026,West-Region,Microcontroller,35.00,4.94,0.926,0
2026-01-10,DEV_027,West-Region,Microcontroller,35.24,5.05,0.928,0
2026-01-10,DEV_028,South-Region,Transceiver,40.21,3.30,0.830,0
2026-01-10,DEV_029,South-Region,Power_Module,55.28,12.00,0.931,0
2026-01-10,DEV_030,South-Region,Microcontroller,35.34,5.01,0.932,0
2026-01-10,DEV_031,West-Region,Transceiver,40.03,3.28,0.826,0
2026-01-10,DEV_032,West-Region,Microcontroller,34.95,5.04,0.924,0
2026-01-10,DEV_033,Central-Region,Microcontroller,35.29,5.03,0.930,0
2026-01-10,DEV_034,South-Region,Transceiver,39.98,3.28,0.832,0
2026-01-10,DEV_035,South-Region,Power_Module,54.91,12.04,0.934,0
2026-01-10,DEV_036,Central-Region,Microcontroller,35.07,5.07,0.929,0
2026-01-10,DEV_037,Central-Region,Microcontroller,34.83,5.01,0.931,0
2026-01-10,DEV_038,North-Region,Power_Module,55.35,11.91,0.927,0
2026-01-10,DEV_039,West-Region,Microcontroller,34.75,5.07,0.932,1
2026-01-10,DEV_040,East-Region,Microcontroller,35.32,5.01,0.932,0
2026-01-10,DEV_041,East-Region,Power_Module,55.09,12.20,0.936,0
2026-01-10,DEV_042,East-Region,Microcontroller,34.78,4.99,0.934,0
2026-01-10,DEV_043,North-Region,Power_Module,55.13,11.97,0.930,0
2026-01-10,DEV_044,North-Region,Transceiver,40.27,3.27,0.829,0
2026-01-10,DEV_045,South-Region,Microcontroller,35.15,4.96,0.933,0
2026-01-10,DEV_046,Central-Region,Power_Module,55.37,11.82,0.925,0
2026-01-10,DEV_047,East-Region,Transceiver,40.65,3.27,0.831,0
2026-01-10,DEV_048,East-Region,Microcontroller,34.91,5.01,0.927,0
2026-01-10,DEV_049,East-Region,Power_Module,54.85,11.95,0.932,0
2026-01-10,DEV_050,East-Region,Transceiver,40.28,3.34,0.834,0
2026-01-11,DEV_001,West-Region,Power_Module,55.31,11.91,0.923,0
2026-01-11,DEV_002,East-Region,Power_Module,55.23,12.09,0.932,0
2026-01-11,DEV_003,Central-Region,Microcontroller,34.80,5.05,0.931,0
2026-01-11,DEV_004,East-Region,Microcontroller,35.14,5.05,0.932,0
2026-01-11,DEV_005,East-Region,Power_Module,55.16,12.01,0.930,0
2026-01-11,DEV_006,West-Region,Microcontroller,35.44,5.02,0.930,0
2026-01-11,DEV_007,East-Region,Microcontroller,35.24,4.99,0.927,0
2026-01-11,DEV_008,West-Region,Power_Module,55.34,12.02,0.925,0
2026-01-11,DEV_009,South-Region,Microcontroller,35.26,5.03,0.930,0
2026-01-11,DEV_010,Central-Region,Transceiver,39.63,3.26,0.832,0
2026-01-11,DEV_011,South-Region,Transceiver,40.56,3.30,0.829,0
2026-01-11,DEV_012,West-Region,Microcontroller,35.31,5.06,0.924,0
2026-01-11,DEV_013,East-Region,Transceiver,40.20,3.28,0.829,0
2026-01-11,DEV_014,South-Region,Microcontroller,35.09,5.03,0.932,1
2026-01-11,DEV_015,East-Region,Microcontroller,35.26,4.96,0.928,0
2026-01-11,DEV_016,West-Region,Transceiver,39.84,3.33,0.831,0
2026-01-11,DEV_017,East-Region,Power_Module,55.30,12.08,0.929,0
2026-01-11,DEV_018,Central-Region,Transceiver,40.02,3.33,0.831,0
2026-01-11,DEV_019,South-Region,Power_Module,54.99,12.03,0.931,0
2026-01-11,DEV_020,West-Region,Transceiver,40.23,3.29,0.822,0
2026-01-11,DEV_021,South-Region,Microcontroller,35.32,5.00,0.921,1
2026-01-11,DEV_022,West-Region,Microcontroller,35.39,5.10,0.924,0
2026-01-11,DEV_023,West-Region,Microcontroller,35.08,5.00,0.927,0
2026-01-11,DEV_024,Central-Region,Power_Module,55.31,11.94,0.928,0
2026-01-11,DEV_025,East-Region,Power_Module,55.00,11.88,0.930,0
2026-01-11,DEV_026,West-Region,Microcontroller,35.23,5.04,0.928,0
2026-01-11,DEV_027,West-Region,Microcontroller,35.13,4.94,0.932,0
2026-01-11,DEV_028,South-Region,Transceiver,40.09,3.29,0.830,0
2026-01-11,DEV_029,South-Region,Power_Module,54.93,11.80,0.931,0
2026-01-11,DEV_030,South-Region,Microcontroller,35.58,5.09,0.932,0
2026-01-11,DEV_031,West-Region,Transceiver,40.35,3.31,0.829,0
2026-01-11,DEV_032,West-Region,Microcontroller,35.63,4.98,0.930,0
2026-01-11,DEV_033,Central-Region,Microcontroller,35.04,5.09,0.930,0
2026-01-11,DEV_034,South-Region,Transceiver,40.13,3.29,0.830,0
2026-01-11,DEV_035,South-Region,Power_Module,55.37,11.95,0.926,0
2026-01-11,DEV_036,Central-Region,Microcontroller,34.86,4.94,0.935,0
2026-01-11,DEV_037,Central-Region,Microcontroller,35.21,5.01,0.927,0
2026-01-11,DEV_038,North-Region,Power_Module,54.68,12.04,0.931,0
2026-01-11,DEV_039,West-Region,Microcontroller,35.23,4.96,0.925,0
2026-01-11,DEV_040,East-Region,Microcontroller,35.36,4.95,0.925,0
2026-01-11,DEV_041,East-Region,Power_Module,54.96,12.07,0.929,0
2026-01-11,DEV_042,East-Region,Microcontroller,34.99,4.97,0.929,0
2026-01-11,DEV_043,North-Region,Power_Module,55.23,12.12,0.931,0
2026-01-11,DEV_044,North-Region,Transceiver,40.23,3.32,0.828,0
2026-01-11,DEV_045,South-Region,Microcontroller,35.12,5.00,0.927,0
2026-01-11,DEV_046,Central-Region,Power_Module,55.09,12.12,0.928,0
2026-01-11,DEV_047,East-Region,Transceiver,40.10,3.33,0.828,0
2026-01-11,DEV_048,East-Region,Microcontroller,35.35,4.96,0.929,0
2026-01-11,DEV_049,East-Region,Power_Module,55.03,11.98,0.927,0
2026-01-11,DEV_050,East-Region,Transceiver,40.42,3.27,0.825,0
2026-01-12,DEV_001,West-Region,Power_Module,55.14,11.97,0.930,0
2026-01-12,DEV_002,East-Region,Power_Module,55.01,11.94,0.924,0
2026-01-12,DEV_003,Central-Region,Microcontroller,35.11,5.05,0.930,0
2026-01-12,DEV_004,East-Region,Microcontroller,35.12,4.99,0.929,0
2026-01-12,DEV_005,East-Region,Power_Module,55.00,11.98,0.932,0
2026-01-12,DEV_006,West-Region,Microcontroller,35.01,4.99,0.922,0
2026-01-12,DEV_007,East-Region,Microcontroller,35.49,5.03,0.925,0
2026-01-12,DEV_008,West-Region,Power_Module,55.42,11.90,0.927,0
2026-01-12,DEV_009,South-Region,Microcontroller,35.18,4.91,0.927,1
2026-01-12,DEV_010,Central-Region,Transceiver,40.31,3.31,0.829,0
2026-01-12,DEV_011,South-Region,Transceiver,40.59,3.28,0.823,0
2026-01-12,DEV_012,West-Region,Microcontroller,34.89,5.04,0.929,0
2026-01-12,DEV_013,East-Region,Transceiver,40.20,3.32,0.826,0
2026-01-12,DEV_014,South-Region,Microcontroller,35.25,4.92,0.928,0
2026-01-12,DEV_015,East-Region,Microcontroller,35.30,4.98,0.930,0
2026-01-12,DEV_016,West-Region,Transceiver,40.26,3.28,0.834,0
2026-01-12,DEV_017,East-Region,Power_Module,55.47,11.97,0.927,0
2026-01-12,DEV_018,Central-Region,Transceiver,40.22,3.29,0.823,0
2026-01-12,DEV_019,South-Region,Power_Module,55.04,11.99,0.930,0
2026-01-12,DEV_020,West-Region,Transceiver,40.17,3.30,0.830,0
2026-01-12,DEV_021,South-Region,Microcontroller,34.97,5.00,0.929,0
2026-01-12,DEV_022,West-Region,Microcontroller,35.64,4.92,0.928,1
2026-01-12,DEV_023,West-Region,Microcontroller,35.39,5.03,0.927,0
2026-01-12,DEV_024,Central-Region,Power_Module,55.22,12.06,0.932,0
2026-01-12,DEV_025,East-Region,Power_Module,55.02,11.83,0.926,0
2026-01-12,DEV_026,West-Region,Microcontroller,35.08,5.00,0.926,0
2026-01-12,DEV_027,West-Region,Microcontroller,35.08,5.02,0.933,0
2026-01-12,DEV_028,South-Region,Transceiver,39.91,3.28,0.829,0
2026-01-12,DEV_029,South-Region,Power_Module,55.24,11.91,0.929,0
2026-01-12,DEV_030,South-Region,Microcontroller,35.17,4.99,0.933,0
2026-01-12,DEV_031,West-Region,Transceiver,40.27,3.27,0.823,0
2026-01-12,DEV_032,West-Region,Microcontroller,35.23,4.96,0.928,0
2026-01-12,DEV_033,Central-Region,Microcontroller,34.89,5.04,0.929,0
2026-01-12,DEV_034,South-Region,Transceiver,40.29,3.29,0.828,0
2026-01-12,DEV_035,South-Region,Power_Module,55.12,11.98,0.933,0
2026-01-12,DEV_036,Central-Region,Microcontroller,35.08,4.98,0.930,0
2026-01-12,DEV_037,Central-Region,Microcontroller,35.36,5.02,0.928,0
2026-01-12,DEV_038,North-Region,Power_Module,55.35,12.00,0.924,0
2026-01-12,DEV_039,West-Region,Microcontroller,35.18,4.98,0.927,0
2026-01-12,DEV_040,East-Region,Microcontroller,35.46,4.98,0.925,0
2026-01-12,DEV_041,East-Region,Power_Module,55.14,12.17,0.931,0
2026-01-12,DEV_042,East-Region,Microcontroller,35.52,4.96,0.924,1
2026-01-12,DEV_043,North-Region,Power_Module,55.19,11.89,0.932,0
2026-01-12,DEV_044,North-Region,Transceiver,40.13,3.31,0.836,0
2026-01-12,DEV_045,South-Region,Microcontroller,35.76,4.99,0.926,1
2026-01-12,DEV_046,Central-Region,Power_Module,55.10,11.89,0.931,0
2026-01-12,DEV_047,East-Region,Transceiver,40.40,3.28,0.828,1
2026-01-12,DEV_048,East-Region,Microcontroller,35.54,5.00,0.925,0
2026-01-12,DEV_049,East-Region,Power_Module,55.17,11.91,0.923,0
2026-01-12,DEV_050,East-Region,Transceiver,40.22,3.30,0.827,0
2026-01-13,DEV_001,West-Region,Power_Module,54.91,12.05,0.930,0
2026-01-13,DEV_002,East-Region,Power_Module,55.41,11.95,0.927,0
2026-01-13,DEV_003,Central-Region,Microcontroller,34.82,5.01,0.932,0
2026-01-13,DEV_004,East-Region,Microcontroller,35.30,5.01,0.928,0
2026-01-13,DEV_005,East-Region,Power_Module,55.26,11.98,0.931,0
2026-01-13,DEV_006,West-Region,Microcontroller,35.03,5.02,0.932,0
2026-01-13,DEV_007,East-Region,Microcontroller,35.44,4.98,0.929,0
2026-01-13,DEV_008,West-Region,Power_Module,55.11,12.07,0.933,0
2026-01-13,DEV_009,South-Region,Microcontroller,34.70,5.01,0.934,0
2026-01-13,DEV_010,Central-Region,Transceiver,40.10,3.28,0.827,0
2026-01-13,DEV_011,South-Region,Transceiver,40.28,3.31,0.831,0
2026-01-13,DEV_012,West-Region,Microcontroller,35.16,4.93,0.926,0
2026-01-13,DEV_013,East-Region,Transceiver,40.24,3.26,0.830,0
2026-01-13,DEV_014,South-Region,Microcontroller,35.10,4.97,0.927,0
2026-01-13,DEV_015,East-Region,Microcontroller,35.28,5.00,0.929,0
2026-01-13,DEV_016,West-Region,Transceiver,40.24,3.35,0.830,0
2026-01-13,DEV_017,East-Region,Power_Module,54.89,12.01,0.929,0
2026-01-13,DEV_018,Central-Region,Transceiver,39.95,3.26,0.831,0
2026-01-13,DEV_019,South-Region,Power_Module,55.14,12.00,0.930,0
2026-01-13,DEV_020,West-Region,Transceiver,40.40,3.27,0.830,0
2026-01-13,DEV_021,South-Region,Microcontroller,35.15,4.99,0.931,0
2026-01-13,DEV_022,West-Region,Microcontroller,35.40,5.03,0.934,0
2026-01-13,DEV_023,West-Region,Microcontroller,35.13,4.96,0.932,0
2026-01-13,DEV_024,Central-Region,Power_Module,55.00,12.03,0.929,0
2026-01-13,DEV_025,East-Region,Power_Module,55.09,12.12,0.930,0
2026-01-13,DEV_026,West-Region,Microcontroller,34.87,5.01,0.931,0
2026-01-13,DEV_027,West-Region,Microcontroller,35.09,4.97,0.930,0
2026-01-13,DEV_028,South-Region,Transceiver,40.20,3.28,0.833,0
2026-01-13,DEV_029,South-Region,Power_Module,55.23,12.05,0.930,0
2026-01-13,DEV_030,South-Region,Microcontroller,35.08,4.99,0.933,0
2026-01-13,DEV_031,West-Region,Transceiver,40.31,3.34,0.829,0
2026-01-13,DEV_032,West-Region,Microcontroller,35.27,5.04,0.929,0
2026-01-13,DEV_033,Central-Region,Microcontroller,34.96,4.99,0.932,0
2026-01-13,DEV_034,South-Region,Transceiver,39.69,3.29,0.835,0
2026-01-13,DEV_035,South-Region,Power_Module,55.25,12.07,0.934,0
2026-01-13,DEV_036,Central-Region,Microcontroller,35.39,4.99,0.930,0
2026-01-13,DEV_037,Central-Region,Microcontroller,35.13,5.02,0.932,1
2026-01-13,DEV_038,North-Region,Power_Module,54.89,12.04,0.931,0
2026-01-13,DEV_039,West-Region,Microcontroller,35.35,4.99,0.929,1
2026-01-13,DEV_040,East-Region,Microcontroller,35.09,5.00,0.927,0
2026-01-13,DEV_041,East-Region,Power_Module,55.00,12.14,0.928,0
2026-01-13,DEV_042,East-Region,Microcontroller,35.21,4.94,0.929,0
2026-01-13,DEV_043,North-Region,Power_Module,55.34,12.05,0.927,0
2026-01-13,DEV_044,North-Region,Transceiver,40.46,3.32,0.825,0
2026-01-13,DEV_045,South-Region,Microcontroller,35.29,5.05,0.925,1
2026-01-13,DEV_046,Central-Region,Power_Module,55.04,12.02,0.932,0
2026-01-13,DEV_047,East-Region,Transceiver,40.31,3.28,0.827,0
2026-01-13,DEV_048,East-Region,Microcontroller,35.25,5.07,0.925,0
2026-01-13,DEV_049,East-Region,Power_Module,55.15,11.95,0.929,0
2026-01-13,DEV_050,East-Region,Transceiver,40.29,3.27,0.830,0
2026-01-14,DEV_001,West-Region,Power_Module,55.14,11.89,0.931,0
2026-01-14,DEV_002,East-Region,Power_Module,55.33,12.01,0.928,0
2026-01-14,DEV_003,Central-Region,Microcontroller,35.20,5.00,0.928,0
2026-01-14,DEV_004,East-Region,Microcontroller,35.11,4.98,0.924,0
2026-01-14,DEV_005,East-Region,Power_Module,54.74,11.99,0.935,0
2026-01-14,DEV_006,West-Region,Microcontroller,35.30,4.99,0.929,0
2026-01-14,DEV_007,East-Region,Microcontroller,35.52,4.97,0.923,0
2026-01-14,DEV_008,West-Region,Power_Module,55.30,12.00,0.926,0
2026-01-14,DEV_009,South-Region,Microcontroller,35.08,4.97,0.927,0
2026-01-14,DEV_010,Central-Region,Transceiver,40.38,3.28,0.824,0
2026-01-14,DEV_011,South-Region,Transceiver,39.99,3.27,0.833,0
2026-01-14,DEV_012,West-Region,Microcontroller,35.27,4.97,0.927,0
2026-01-14,DEV_013,East-Region,Transceiver,40.24,3.31,0.832,0
2026-01-14,DEV_014,South-Region,Microcontroller,35.77,4.99,0.930,0
2026-01-14,DEV_015,East-Region,Microcontroller,34.91,5.02,0.932,0
2026-01-14,DEV_016,West-Region,Transceiver,40.02,3.26,0.826,0
2026-01-14,DEV_017,East-Region,Power_Module,55.36,12.07,0.929,0
2026-01-14,DEV_018,Central-Region,Transceiver,39.97,3.26,0.829,0
2026-01-14,DEV_019,South-Region,Power_Module,55.57,12.11,0.930,0
2026-01-14,DEV_020,West-Region,Transceiver,40.15,3.30,0.830,0
2026-01-14,DEV_021,South-Region,Microcontroller,35.14,5.01,0.929,0
2026-01-14,DEV_022,West-Region,Microcontroller,35.38,4.95,0.925,0
2026-01-14,DEV_023,West-Region,Microcontroller,35.35,4.99,0.931,0
2026-01-14,DEV_024,Central-Region,Power_Module,55.26,11.86,0.932,0
2026-01-14,DEV_025,East-Region,Power_Module,55.37,12.01,0.929,0
2026-01-14,DEV_026,West-Region,Microcontroller,35.44,4.98,0.931,0
2026-01-14,DEV_027,West-Region,Microcontroller,35.41,5.02,0.930,0
2026-01-14,DEV_028,South-Region,Transceiver,40.40,3.27,0.830,0
2026-01-14,DEV_029,South-Region,Power_Module,55.09,12.06,0.932,0
2026-01-14,DEV_030,South-Region,Microcontroller,35.02,5.03,0.929,0
2026-01-14,DEV_031,West-Region,Transceiver,40.29,3.26,0.824,0
2026-01-14,DEV_032,West-Region,Microcontroller,35.44,5.02,0.926,0
2026-01-14,DEV_033,Central-Region,Microcontroller,35.58,4.94,0.926,0
2026-01-14,DEV_034,South-Region,Transceiver,40.47,3.24,0.825,0
2026-01-14,DEV_035,South-Region,Power_Module,55.48,11.87,0.927,0
2026-01-14,DEV_036,Central-Region,Microcontroller,35.11,5.01,0.930,0
2026-01-14,DEV_037,Central-Region,Microcontroller,35.24,4.98,0.926,0
2026-01-14,DEV_038,North-Region,Power_Module,54.96,11.87,0.933,0
2026-01-14,DEV_039,West-Region,Microcontroller,35.13,5.00,0.930,0
2026-01-14,DEV_040,East-Region,Microcontroller,35.08,5.01,0.933,0
2026-01-14,DEV_041,East-Region,Power_Module,55.47,12.02,0.932,0
2026-01-14,DEV_042,East-Region,Microcontroller,34.97,5.03,0.925,0
2026-01-14,DEV_043,North-Region,Power_Module,55.46,12.03,0.925,0
2026-01-14,DEV_044,North-Region,Transceiver,40.20,3.28,0.832,0
2026-01-14,DEV_045,South-Region,Microcontroller,35.19,5.06,0.931,0
2026-01-14,DEV_046,Central-Region,Power_Module,55.11,12.03,0.928,0
2026-01-14,DEV_047,East-Region,Transceiver,40.32,3.32,0.833,0
2026-01-14,DEV_048,East-Region,Microcontroller,35.03,4.94,0.924,0
2026-01-14,DEV_049,East-Region,Power_Module,55.21,12.17,0.930,0
2026-01-14,DEV_050,East-Region,Transceiver,40.17,3.31,0.823,0
2026-01-15,DEV_001,West-Region,Power_Module,55.24,11.97,0.926,0
2026-01-15,DEV_002,East-Region,Power_Module,55.34,12.02,0.931,0
2026-01-15,DEV_003,Central-Region,Microcontroller,35.27,4.98,0.926,0
2026-01-15,DEV_004,East-Region,Microcontroller,35.16,5.04,0.927,0
2026-01-15,DEV_005,East-Region,Power_Module,54.93,12.01,0.927,0
2026-01-15,DEV_006,West-Region,Microcontroller,35.25,5.01,0.928,0
2026-01-15,DEV_007,East-Region,Microcontroller,35.87,4.99,0.928,0
2026-01-15,DEV_008,West-Region,Power_Module,55.06,12.06,0.931,0
2026-01-15,DEV_009,South-Region,Microcontroller,35.13,4.98,0.929,0
2026-01-15,DEV_010,Central-Region,Transceiver,40.30,3.26,0.827,1
2026-01-15,DEV_011,South-Region,Transceiver,40.10,3.34,0.827,0
2026-01-15,DEV_012,West-Region,Microcontroller,35.44,5.05,0.928,0
2026-01-15,DEV_013,East-Region,Transceiver,39.95,3.30,0.823,0
2026-01-15,DEV_014,South-Region,Microcontroller,35.18,5.02,0.925,0
2026-01-15,DEV_015,East-Region,Microcontroller,35.92,5.02,0.922,0
2026-01-15,DEV_016,West-Region,Transceiver,40.55,3.32,0.830,1
2026-01-15,DEV_017,East-Region,Power_Module,55.42,12.00,0.927,0
2026-01-15,DEV_018,Central-Region,Transceiver,40.13,3.33,0.831,0
2026-01-15,DEV_019,South-Region,Power_Module,55.05,12.00,0.926,0
2026-01-15,DEV_020,West-Region,Transceiver,40.23,3.29,0.824,0
2026-01-15,DEV_021,South-Region,Microcontroller,35.05,4.92,0.930,1
2026-01-15,DEV_022,West-Region,Microcontroller,35.66,5.04,0.924,0
2026-01-15,DEV_023,West-Region,Microcontroller,35.13,5.00,0.924,0
2026-01-15,DEV_024,Central-Region,Power_Module,55.41,11.94,0.926,0
2026-01-15,DEV_025,East-Region,Power_Module,55.40,12.05,0.924,0
2026-01-15,DEV_026,West-Region,Microcontroller,35.47,4.98,0.927,0
2026-01-15,DEV_027,West-Region,Microcontroller,35.01,5.04,0.926,1
2026-01-15,DEV_028,South-Region,Transceiver,40.34,3.27,0.831,0
2026-01-15,DEV_029,South-Region,Power_Module,55.01,11.93,0.931,0
2026-01-15,DEV_030,South-Region,Microcontroller,35.24,5.04,0.923,0
2026-01-15,DEV_031,West-Region,Transceiver,40.59,3.29,0.829,0
2026-01-15,DEV_032,West-Region,Microcontroller,35.16,5.07,0.930,0
2026-01-15,DEV_033,Central-Region,Microcontroller,35.18,4.99,0.924,1
2026-01-15,DEV_034,South-Region,Transceiver,40.21,3.26,0.830,0
2026-01-15,DEV_035,South-Region,Power_Module,55.36,11.99,0.926,1
2026-01-15,DEV_036,Central-Region,Microcontroller,35.37,4.96,0.927,0
2026-01-15,DEV_037,Central-Region,Microcontroller,34.87,5.02,0.934,0
2026-01-15,DEV_038,North-Region,Power_Module,55.21,11.94,0.926,0
2026-01-15,DEV_039,West-Region,Microcontroller,35.32,5.02,0.926,0
2026-01-15,DEV_040,East-Region,Microcontroller,35.34,5.02,0.926,0
2026-01-15,DEV_041,East-Region,Power_Module,55.30,12.04,0.931,0
2026-01-15,DEV_042,East-Region,Microcontroller,35.11,4.98,0.930,0
2026-01-15,DEV_043,North-Region,Power_Module,55.42,11.96,0.931,0
2026-01-15,DEV_044,North-Region,Transceiver,40.22,3.24,0.833,0
2026-01-15,DEV_045,South-Region,Microcontroller,34.84,4.97,0.931,0
2026-01-15,DEV_046,Central-Region,Power_Module,54.66,12.10,0.929,0
2026-01-15,DEV_047,East-Region,Transceiver,40.31,3.29,0.826,0
2026-01-15,DEV_048,East-Region,Microcontroller,35.36,4.95,0.930,0
2026-01-15,DEV_049,East-Region,Power_Module,54.96,11.98,0.935,0
2026-01-15,DEV_050,East-Region,Transceiver,40.39,3.33,0.829,0
2026-01-16,DEV_001,West-Region,Power_Module,54.92,11.98,0.930,0
2026-01-16,DEV_002,East-Region,Power_Module,55.44,12.11,0.928,0
2026-01-16,DEV_003,Central-Region,Microcontroller,34.68,4.97,0.928,0
2026-01-16,DEV_004,East-Region,Microcontroller,35.32,4.96,0.924,0
2026-01-16,DEV_005,East-Region,Power_Module,55.01,12.06,0.934,0
2026-01-16,DEV_006,West-Region,Microcontroller,35.57,4.99,0.927,0
2026-01-16,DEV_007,East-Region,Microcontroller,35.27,5.03,0.927,0
2026-01-16,DEV_008,West-Region,Power_Module,55.34,11.96,0.929,0
2026-01-16,DEV_009,South-Region,Microcontroller,34.97,4.96,0.930,0
2026-01-16,DEV_010,Central-Region,Transceiver,40.35,3.27,0.831,0
2026-01-16,DEV_011,South-Region,Transceiver,40.05,3.29,0.831,0
2026-01-16,DEV_012,West-Region,Microcontroller,35.10,4.94,0.923,0
2026-01-16,DEV_013,East-Region,Transceiver,40.22,3.32,0.831,0
2026-01-16,DEV_014,South-Region,Microcontroller,35.33,5.01,0.929,0
2026-01-16,DEV_015,East-Region,Microcontroller,35.37,4.98,0.923,0
2026-01-16,DEV_016,West-Region,Transceiver,39.86,3.29,0.835,0
2026-01-16,DEV_017,East-Region,Power_Module,55.27,11.89,0.931,0
2026-01-16,DEV_018,Central-Region,Transceiver,40.46,3.31,0.828,0
2026-01-16,DEV_019,South-Region,Power_Module,55.05,11.99,0.928,0
2026-01-16,DEV_020,West-Region,Transceiver,40.28,3.28,0.826,0
2026-01-16,DEV_021,South-Region,Microcontroller,35.64,4.93,0.927,0
2026-01-16,DEV_022,West-Region,Microcontroller,35.47,5.01,0.932,0
2026-01-16,DEV_023,West-Region,Microcontroller,35.16,5.04,0.929,0
2026-01-16,DEV_024,Central-Region,Power_Module,55.29,11.96,0.927,0
2026-01-16,DEV_025,East-Region,Power_Module,54.88,12.00,0.931,0
2026-01-16,DEV_026,West-Region,Microcontroller,34.75,5.02,0.931,0
2026-01-16,DEV_027,West-Region,Microcontroller,35.49,4.99,0.924,0
2026-01-16,DEV_028,South-Region,Transceiver,40.62,3.30,0.829,0
2026-01-16,DEV_029,South-Region,Power_Module,55.32,12.01,0.928,0
2026-01-16,DEV_030,South-Region,Microcontroller,34.95,5.03,0.933,0
2026-01-16,DEV_031,West-Region,Transceiver,40.49,3.30,0.820,0
2026-01-16,DEV_032,West-Region,Microcontroller,35.12,5.01,0.931,0
2026-01-16,DEV_033,Central-Region,Microcontroller,35.21,4.96,0.928,0
2026-01-16,DEV_034,South-Region,Transceiver,40.38,3.32,0.831,0
2026-01-16,DEV_035,South-Region,Power_Module,55.02,12.07,0.931,0
2026-01-16,DEV_036,Central-Region,Microcontroller,35.16,5.00,0.928,0
2026-01-16,DEV_037,Central-Region,Microcontroller,35.54,5.00,0.928,0
2026-01-16,DEV_038,North-Region,Power_Module,55.07,12.14,0.933,0
2026-01-16,DEV_039,West-Region,Microcontroller,35.48,5.01,0.928,0
2026-01-16,DEV_040,East-Region,Microcontroller,35.43,4.94,0.928,0
2026-01-16,DEV_041,East-Region,Power_Module,55.07,11.96,0.928,0
2026-01-16,DEV_042,East-Region,Microcontroller,35.03,4.99,0.930,0
2026-01-16,DEV_043,North-Region,Power_Module,55.38,11.98,0.929,0
2026-01-16,DEV_044,North-Region,Transceiver,40.53,3.32,0.824,0
2026-01-16,DEV_045,South-Region,Microcontroller,35.15,5.01,0.933,0
2026-01-16,DEV_046,Central-Region,Power_Module,55.28,12.07,0.927,0
2026-01-16,DEV_047,East-Region,Transceiver,40.52,3.26,0.824,0
2026-01-16,DEV_048,East-Region,Microcontroller,35.47,4.98,0.926,0
2026-01-16,DEV_049,East-Region,Power_Module,55.58,11.93,0.936,0
2026-01-16,DEV_050,East-Region,Transceiver,40.64,3.29,0.827,0
2026-01-17,DEV_001,West-Region,Power_Module,55.30,12.07,0.931,0
2026-01-17,DEV_002,East-Region,Power_Module,55.03,12.11,0.932,0
2026-01-17,DEV_003,Central-Region,Microcontroller,35.49,4.98,0.927,0
2026-01-17,DEV_004,East-Region,Microcontroller,34.92,4.97,0.929,0
2026-01-17,DEV_005,East-Region,Power_Module,55.14,12.06,0.929,0
2026-01-17,DEV_006,West-Region,Microcontroller,35.23,5.00,0.929,0
2026-01-17,DEV_007,East-Region,Microcontroller,35.04,4.95,0.928,0
2026-01-17,DEV_008,West-Region,Power_Module,55.19,11.98,0.932,0
2026-01-17,DEV_009,South-Region,Microcontroller,35.08,5.01,0.934,0
2026-01-17,DEV_010,Central-Region,Transceiver,40.17,3.33,0.827,0
2026-01-17,DEV_011,South-Region,Transceiver,40.11,3.27,0.824,0
2026-01-17,DEV_012,West-Region,Microcontroller,35.71,5.00,0.931,0
2026-01-17,DEV_013,East-Region,Transceiver,40.34,3.28,0.828,0
2026-01-17,DEV_014,South-Region,Microcontroller,35.23,5.01,0.930,0
2026-01-17,DEV_015,East-Region,Microcontroller,35.01,4.92,0.931,0
2026-01-17,DEV_016,West-Region,Transceiver,40.14,3.25,0.829,0
2026-01-17,DEV_017,East-Region,Power_Module,54.93,12.01,0.929,0
2026-01-17,DEV_018,Central-Region,Transceiver,40.37,3.32,0.826,0
2026-01-17,DEV_019,South-Region,Power_Module,55.37,12.01,0.925,0
2026-01-17,DEV_020,West-Region,Transceiver,40.26,3.32,0.828,0
2026-01-17,DEV_021,South-Region,Microcontroller,35.31,4.95,0.932,1
2026-01-17,DEV_022,West-Region,Microcontroller,35.36,4.99,0.930,0
2026-01-17,DEV_023,West-Region,Microcontroller,35.13,5.03,0.931,0
2026-01-17,DEV_024,Central-Region,Power_Module,55.24,12.11,0.932,0
2026-01-17,DEV_025,East-Region,Power_Module,55.20,12.08,0.929,1
2026-01-17,DEV_026,West-Region,Microcontroller,35.25,5.00,0.930,0
2026-01-17,DEV_027,West-Region,Microcontroller,35.36,4.90,0.932,0
2026-01-17,DEV_028,South-Region,Transceiver,40.34,3.28,0.830,0
2026-01-17,DEV_029,South-Region,Power_Module,55.54,11.99,0.928,0
2026-01-17,DEV_030,South-Region,Microcontroller,35.10,5.00,0.928,0
2026-01-17,DEV_031,West-Region,Transceiver,39.88,3.27,0.829,0
2026-01-17,DEV_032,West-Region,Microcontroller,35.37,5.02,0.928,0
2026-01-17,DEV_033,Central-Region,Microcontroller,35.27,4.96,0.930,0
2026-01-17,DEV_034,South-Region,Transceiver,40.06,3.31,0.828,0
2026-01-17,DEV_035,South-Region,Power_Module,55.23,11.84,0.927,0
2026-01-17,DEV_036,Central-Region,Microcontroller,35.29,5.06,0.931,0
2026-01-17,DEV_037,Central-Region,Microcontroller,35.13,5.03,0.926,0
2026-01-17,DEV_038,North-Region,Power_Module,55.48,11.86,0.929,0
2026-01-17,DEV_039,West-Region,Microcontroller,35.03,4.92,0.929,0
2026-01-17,DEV_040,East-Region,Microcontroller,35.16,4.97,0.932,0
2026-01-17,DEV_041,East-Region,Power_Module,55.29,12.00,0.925,0
2026-01-17,DEV_042,East-Region,Microcontroller,35.20,5.03,0.924,0
2026-01-17,DEV_043,North-Region,Power_Module,55.57,11.83,0.925,0
2026-01-17,DEV_044,North-Region,Transceiver,40.37,3.35,0.826,0
2026-01-17,DEV_045,South-Region,Microcontroller,35.48,4.99,0.925,0
2026-01-17,DEV_046,Central-Region,Power_Module,55.50,12.02,0.927,0
2026-01-17,DEV_047,East-Region,Transceiver,40.23,3.26,0.830,0
2026-01-17,DEV_048,East-Region,Microcontroller,35.39,4.95,0.926,0
2026-01-17,DEV_049,East-Region,Power_Module,55.09,11.97,0.928,0
2026-01-17,DEV_050,East-Region,Transceiver,40.44,3.33,0.828,0
2026-01-18,DEV_001,West-Region,Power_Module,55.26,12.07,0.929,0
2026-01-18,DEV_002,East-Region,Power_Module,54.94,12.10,0.930,0
2026-01-18,DEV_003,Central-Region,Microcontroller,35.40,4.94,0.927,0
2026-01-18,DEV_004,East-Region,Microcontroller,35.33,5.02,0.925,0
2026-01-18,DEV_005,East-Region,Power_Module,55.46,12.04,0.922,0
2026-01-18,DEV_006,West-Region,Microcontroller,35.27,5.04,0.928,0
2026-01-18,DEV_007,East-Region,Microcontroller,35.36,5.05,0.932,0
2026-01-18,DEV_008,West-Region,Power_Module,55.03,12.09,0.934,0
2026-01-18,DEV_009,South-Region,Microcontroller,34.68,4.97,0.929,0
2026-01-18,DEV_010,Central-Region,Transceiver,40.19,3.31,0.824,0
2026-01-18,DEV_011,South-Region,Transceiver,40.35,3.31,0.826,0
2026-01-18,DEV_012,West-Region,Microcontroller,35.19,5.03,0.927,0
2026-01-18,DEV_013,East-Region,Transceiver,40.30,3.29,0.828,0
2026-01-18,DEV_014,South-Region,Microcontroller,35.11,4.96,0.930,0
2026-01-18,DEV_015,East-Region,Microcontroller,35.10,5.02,0.923,0
2026-01-18,DEV_016,West-Region,Transceiver,39.72,3.28,0.833,0
2026-01-18,DEV_017,East-Region,Power_Module,55.33,12.12,0.932,0
2026-01-18,DEV_018,Central-Region,Transceiver,40.42,3.31,0.829,0
2026-01-18,DEV_019,South-Region,Power_Module,54.74,11.89,0.934,0
2026-01-18,DEV_020,West-Region,Transceiver,40.68,3.30,0.831,1
2026-01-18,DEV_021,South-Region,Microcontroller,35.42,4.96,0.933,0
2026-01-18,DEV_022,West-Region,Microcontroller,35.15,4.99,0.933,0
2026-01-18,DEV_023,West-Region,Microcontroller,34.99,5.02,0.927,0
2026-01-18,DEV_024,Central-Region,Power_Module,55.44,12.00,0.930,0
2026-01-18,DEV_025,East-Region,Power_Module,54.95,12.00,0.931,0
2026-01-18,DEV_026,West-Region,Microcontroller,35.46,5.02,0.926,0
2026-01-18,DEV_027,West-Region,Microcontroller,35.00,5.04,0.927,0
2026-01-18,DEV_028,South-Region,Transceiver,40.49,3.30,0.832,0
2026-01-18,DEV_029,South-Region,Power_Module,55.54,11.90,0.930,0
2026-01-18,DEV_030,South-Region,Microcontroller,35.39,5.02,0.929,0
2026-01-18,DEV_031,West-Region,Transceiver,40.13,3.30,0.828,0
2026-01-18,DEV_032,West-Region,Microcontroller,35.66,4.94,0.925,0
2026-01-18,DEV_033,Central-Region,Microcontroller,35.31,5.03,0.927,0
2026-01-18,DEV_034,South-Region,Transceiver,40.08,3.26,0.830,0
2026-01-18,DEV_035,South-Region,Power_Module,55.73,12.10,0.926,0
2026-01-18,DEV_036,Central-Region,Microcontroller,35.10,5.04,0.928,0
2026-01-18,DEV_037,Central-Region,Microcontroller,35.30,4.94,0.930,0
2026-01-18,DEV_038,North-Region,Power_Module,55.50,12.02,0.926,0
2026-01-18,DEV_039,West-Region,Microcontroller,35.15,5.01,0.931,0
2026-01-18,DEV_040,East-Region,Microcontroller,35.05,4.98,0.930,0
2026-01-18,DEV_041,East-Region,Power_Module,55.43,12.01,0.931,0
2026-01-18,DEV_042,East-Region,Microcontroller,35.12,5.01,0.931,0
2026-01-18,DEV_043,North-Region,Power_Module,55.40,12.00,0.930,0
2026-01-18,DEV_044,North-Region,Transceiver,40.23,3.31,0.828,0
2026-01-18,DEV_045,South-Region,Microcontroller,35.23,5.04,0.930,0
2026-01-18,DEV_046,Central-Region,Power_Module,55.08,12.04,0.928,0
2026-01-18,DEV_047,East-Region,Transceiver,40.26,3.32,0.827,0
2026-01-18,DEV_048,East-Region,Microcontroller,35.32,4.97,0.923,0
2026-01-18,DEV_049,East-Region,Power_Module,55.20,11.94,0.931,0
2026-01-18,DEV_050,East-Region,Transceiver,40.53,3.30,0.827,0
2026-01-19,DEV_001,West-Region,Power_Module,55.43,11.93,0.931,0
2026-01-19,DEV_002,East-Region,Power_Module,55.03,11.98,0.932,0
2026-01-19,DEV_003,Central-Region,Microcontroller,35.37,4.97,0.930,1
2026-01-19,DEV_004,East-Region,Microcontroller,35.55,4.98,0.928,0
2026-01-19,DEV_005,East-Region,Power_Module,55.39,11.95,0.927,0
2026-01-19,DEV_006,West-Region,Microcontroller,35.66,5.06,0.929,0
2026-01-19,DEV_007,East-Region,Microcontroller,35.36,5.00,0.929,0
2026-01-19,DEV_008,West-Region,Power_Module,55.05,12.03,0.928,0
2026-01-19,DEV_009,South-Region,Microcontroller,35.42,5.07,0.925,0
2026-01-19,DEV_010,Central-Region,Transceiver,40.07,3.28,0.828,1
2026-01-19,DEV_011,South-Region,Transceiver,40.16,3.29,0.831,0
2026-01-19,DEV_012,West-Region,Microcontroller,35.14,4.93,0.927,0
2026-01-19,DEV_013,East-Region,Transceiver,40.24,3.26,0.831,1
2026-01-19,DEV_014,South-Region,Microcontroller,35.45,4.95,0.932,0
2026-01-19,DEV_015,East-Region,Microcontroller,35.10,4.98,0.927,0
2026-01-19,DEV_016,West-Region,Transceiver,40.11,3.28,0.833,0
2026-01-19,DEV_017,East-Region,Power_Module,55.35,11.99,0.928,0
2026-01-19,DEV_018,Central-Region,Transceiver,40.39,3.31,0.828,0
2026-01-19,DEV_019,South-Region,Power_Module,55.24,12.05,0.930,0
2026-01-19,DEV_020,West-Region,Transceiver,40.62,3.30,0.833,0
2026-01-19,DEV_021,South-Region,Microcontroller,35.27,5.01,0.928,0
2026-01-19,DEV_022,West-Region,Microcontroller,35.55,4.98,0.929,0
2026-01-19,DEV_023,West-Region,Microcontroller,35.14,4.98,0.928,0
2026-01-19,DEV_024,Central-Region,Power_Module,54.68,11.92,0.929,0
2026-01-19,DEV_025,East-Region,Power_Module,55.50,11.82,0.923,0
2026-01-19,DEV_026,West-Region,Microcontroller,35.31,4.99,0.932,0
2026-01-19,DEV_027,West-Region,Microcontroller,35.50,5.02,0.931,0
2026-01-19,DEV_028,South-Region,Transceiver,39.87,3.29,0.833,0
2026-01-19,DEV_029,South-Region,Power_Module,55.42,12.16,0.915,0
2026-01-19,DEV_030,South-Region,Microcontroller,35.46,4.99,0.925,0
2026-01-19,DEV_031,West-Region,Transceiver,40.50,3.31,0.832,0
2026-01-19,DEV_032,West-Region,Microcontroller,35.03,4.99,0.931,0
2026-01-19,DEV_033,Central-Region,Microcontroller,35.03,4.95,0.928,0
2026-01-19,DEV_034,South-Region,Transceiver,40.00,3.28,0.836,0
2026-01-19,DEV_035,South-Region,Power_Module,55.27,11.91,0.932,0
2026-01-19,DEV_036,Central-Region,Microcontroller,35.22,5.02,0.927,0
2026-01-19,DEV_037,Central-Region,Microcontroller,35.00,4.98,0.931,0
2026-01-19,DEV_038,North-Region,Power_Module,54.71,12.01,0.931,0
2026-01-19,DEV_039,West-Region,Microcontroller,35.10,4.99,0.929,0
2026-01-19,DEV_040,East-Region,Microcontroller,35.25,5.01,0.936,0
2026-01-19,DEV_041,East-Region,Power_Module,54.95,11.87,0.926,0
2026-01-19,DEV_042,East-Region,Microcontroller,35.43,4.96,0.932,0
2026-01-19,DEV_043,North-Region,Power_Module,55.56,11.96,0.925,0
2026-01-19,DEV_044,North-Region,Transceiver,40.59,3.30,0.830,0
2026-01-19,DEV_045,South-Region,Microcontroller,34.93,5.02,0.930,0
2026-01-19,DEV_046,Central-Region,Power_Module,55.63,11.85,0.928,0
2026-01-19,DEV_047,East-Region,Transceiver,40.16,3.31,0.824,0
2026-01-19,DEV_048,East-Region,Microcontroller,35.32,4.99,0.930,0
2026-01-19,DEV_049,East-Region,Power_Module,55.37,11.74,0.929,0
2026-01-19,DEV_050,East-Region,Transceiver,40.86,3.29,0.828,0
2026-01-20,DEV_001,West-Region,Power_Module,55.60,11.94,0.928,0
2026-01-20,DEV_002,East-Region,Power_Module,55.21,12.03,0.925,0
2026-01-20,DEV_003,Central-Region,Microcontroller,35.16,4.93,0.931,0
2026-01-20,DEV_004,East-Region,Microcontroller,35.47,4.94,0.931,0
2026-01-20,DEV_005,East-Region,Power_Module,55.68,12.03,0.931,0
2026-01-20,DEV_006,West-Region,Microcontroller,35.19,4.98,0.931,0
2026-01-20,DEV_007,East-Region,Microcontroller,35.50,4.97,0.926,0
2026-01-20,DEV_008,West-Region,Power_Module,54.85,12.06,0.932,0
2026-01-20,DEV_009,South-Region,Microcontroller,35.73,5.00,0.927,0
2026-01-20,DEV_010,Central-Region,Transceiver,40.34,3.30,0.831,0
2026-01-20,DEV_011,South-Region,Transceiver,40.19,3.27,0.831,0
2026-01-20,DEV_012,West-Region,Microcontroller,35.33,5.05,0.931,0
2026-01-20,DEV_013,East-Region,Transceiver,40.50,3.31,0.824,0
2026-01-20,DEV_014,South-Region,Microcontroller,35.21,5.05,0.926,0
2026-01-20,DEV_015,East-Region,Microcontroller,35.85,4.97,0.928,0
2026-01-20,DEV_016,West-Region,Transceiver,40.39,3.30,0.829,0
2026-01-20,DEV_017,East-Region,Power_Module,55.21,12.13,0.929,0
2026-01-20,DEV_018,Central-Region,Transceiver,40.32,3.33,0.835,0
2026-01-20,DEV_019,South-Region,Power_Module,55.10,11.85,0.924,0
2026-01-20,DEV_020,West-Region,Transceiver,40.35,3.29,0.827,0
2026-01-20,DEV_021,South-Region,Microcontroller,35.47,5.01,0.927,0
2026-01-20,DEV_022,West-Region,Microcontroller,34.83,4.96,0.931,0
2026-01-20,DEV_023,West-Region,Microcontroller,35.22,4.99,0.927,0
2026-01-20,DEV_024,Central-Region,Power_Module,55.28,11.95,0.929,0
2026-01-20,DEV_025,East-Region,Power_Module,55.53,11.93,0.926,0
2026-01-20,DEV_026,West-Region,Microcontroller,35.45,4.97,0.925,0
2026-01-20,DEV_027,West-Region,Microcontroller,35.69,5.02,0.927,0
2026-01-20,DEV_028,South-Region,Transceiver,40.39,3.32,0.829,0
2026-01-20,DEV_029,South-Region,Power_Module,55.01,12.02,0.934,0
2026-01-20,DEV_030,South-Region,Microcontroller,35.01,4.97,0.933,0
2026-01-20,DEV_031,West-Region,Transceiver,40.09,3.30,0.830,2
2026-01-20,DEV_032,West-Region,Microcontroller,35.44,4.96,0.934,0
2026-01-20,DEV_033,Central-Region,Microcontroller,35.21,4.95,0.919,0
2026-01-20,DEV_034,South-Region,Transceiver,40.50,3.28,0.829,0
2026-01-20,DEV_035,South-Region,Power_Module,55.68,11.99,0.928,1
2026-01-20,DEV_036,Central-Region,Microcontroller,35.23,5.01,0.930,0
2026-01-20,DEV_037,Central-Region,Microcontroller,35.39,5.04,0.930,0
2026-01-20,DEV_038,North-Region,Power_Module,55.17,11.98,0.935,0
2026-01-20,DEV_039,West-Region,Microcontroller,35.42,5.03,0.929,1
2026-01-20,DEV_040,East-Region,Microcontroller,34.89,5.05,0.928,0
2026-01-20,DEV_041,East-Region,Power_Module,55.46,11.94,0.927,0
2026-01-20,DEV_042,East-Region,Microcontroller,35.18,4.98,0.927,0
2026-01-20,DEV_043,North-Region,Power_Module,55.37,11.84,0.929,0
2026-01-20,DEV_044,North-Region,Transceiver,40.30,3.35,0.829,0
2026-01-20,DEV_045,South-Region,Microcontroller,35.23,5.04,0.928,0
2026-01-20,DEV_046,Central-Region,Power_Module,55.68,12.06,0.930,0
2026-01-20,DEV_047,East-Region,Transceiver,40.37,3.31,0.830,0
2026-01-20,DEV_048,East-Region,Microcontroller,35.00,5.01,0.930,0
2026-01-20,DEV_049,East-Region,Power_Module,55.12,11.92,0.927,0
2026-01-20,DEV_050,East-Region,Transceiver,40.37,3.30,0.831,0
