device_id,location,component_type,lifetime_avg_temp,lifetime_avg_volt,lifetime_avg_signal,lifetime_total_errors,mtbf_hours
DEV_045,South-Region,Microcontroller,36.52,4.97,0.922,19,232.2
DEV_034,South-Region,Transceiver,41.51,3.27,0.823,17,185.0
DEV_021,South-Region,Microcontroller,36.53,4.97,0.922,16,253.9
DEV_031,West-Region,Transceiver,41.52,3.27,0.822,14,299.3
DEV_020,West-Region,Transceiver,41.50,3.27,0.823,14,324.1
DEV_042,East-Region,Microcontroller,36.62,4.96,0.922,13,315.2
DEV_039,West-Region,Microcontroller,36.49,4.97,0.923,13,346.1
DEV_009,South-Region,Microcontroller,36.49,4.97,0.923,13,358.7
DEV_012,West-Region,Microcontroller,36.48,4.97,0.923,13,329.3
DEV_013,East-Region,Transceiver,41.51,3.27,0.822,12,288.5
DEV_035,South-Region,Power_Module,56.72,11.96,0.921,12,349.9
DEV_041,East-Region,Power_Module,56.47,11.96,0.923,11,357.2
DEV_006,West-Region,Microcontroller,36.51,4.97,0.922,11,333.9
DEV_032,West-Region,Microcontroller,36.49,4.97,0.922,11,419.2
DEV_037,Central-Region,Microcontroller,36.48,4.97,0.923,11,235.9
DEV_014,South-Region,Microcontroller,36.84,4.96,0.920,11,419.3
DEV_015,East-Region,Microcontroller,36.52,4.97,0.922,11,412.2
DEV_002,East-Region,Power_Module,56.49,11.97,0.923,10,358.1
DEV_030,South-Region,Microcontroller,36.49,4.97,0.923,10,285.9
DEV_016,West-Region,Transceiver,41.48,3.27,0.823,10,399.7
DEV_025,East-Region,Power_Module,56.48,11.98,0.923,10,429.4
DEV_047,East-Region,Transceiver,41.51,3.27,0.822,10,434.9
DEV_019,South-Region,Power_Module,56.49,11.98,0.923,9,400.3
DEV_022,West-Region,Microcontroller,36.50,4.97,0.922,9,488.0
DEV_023,West-Region,Microcontroller,36.49,4.97,0.922,9,356.9
DEV_001,West-Region,Power_Module,56.48,11.97,0.923,9,512.5
DEV_033,Central-Region,Microcontroller,36.49,4.97,0.922,9,484.3
DEV_036,Central-Region,Microcontroller,36.50,4.97,0.923,9,509.6
DEV_038,North-Region,Power_Module,56.48,11.97,0.923,9,490.8
DEV_050,East-Region,Transceiver,41.53,3.27,0.823,9,399.5
DEV_003,Central-Region,Microcontroller,36.53,4.97,0.922,9,388.5
DEV_046,Central-Region,Power_Module,56.51,11.97,0.923,9,492.9
DEV_007,East-Region,Microcontroller,36.86,4.96,0.921,9,480.6
DEV_048,East-Region,Microcontroller,36.48,4.97,0.923,9,484.5
DEV_011,South-Region,Transceiver,41.48,3.27,0.823,8,454.6
DEV_024,Central-Region,Power_Module,56.51,11.97,0.922,8,448.0
DEV_027,West-Region,Microcontroller,36.50,4.97,0.923,8,449.1
DEV_017,East-Region,Power_Module,56.49,11.97,0.923,8,460.1
DEV_049,East-Region,Power_Module,56.72,11.97,0.921,8,349.9
DEV_004,East-Region,Microcontroller,36.46,4.97,0.922,7,580.5
DEV_028,South-Region,Transceiver,41.52,3.27,0.823,6,457.6
DEV_010,Central-Region,Transceiver,41.49,3.27,0.823,6,459.6
DEV_029,South-Region,Power_Module,56.50,11.97,0.923,6,711.0
DEV_040,East-Region,Microcontroller,36.52,4.97,0.922,6,715.2
DEV_026,West-Region,Microcontroller,36.49,4.97,0.922,6,776.4
DEV_005,East-Region,Power_Module,56.49,11.97,0.922,5,670.8
DEV_018,Central-Region,Transceiver,41.51,3.27,0.822,5,769.5
DEV_044,North-Region,Transceiver,41.50,3.27,0.822,5,530.3
DEV_008,West-Region,Power_Module,56.52,11.97,0.922,3,672.0
DEV_043,North-Region,Power_Module,56.48,11.96,0.923,3,521.5
